country,iso_code,date,total_vaccinations,people_vaccinated,people_fully_vaccinated,daily_vaccinations_raw,daily_vaccinations,total_vaccinations_per_hundred,people_vaccinated_per_hundred,people_fully_vaccinated_per_hundred,daily_vaccinations_per_million,vaccines,source_name,source_website,day_num
United States,USA,12/20/2020,556208,556208,,57909,,0.17,0.17,,,Johnson&Johnson: Moderna:Pfizer/BioNTech,Centers for Disease Control and Prevention,http://www.xinhuanet.com/english/asiapacific/2021-03/16/c_139814668.htm,0
United States,USA,12/21/2020,614117,614117,,57909,57909,0.18,0.18,,173,Johnson&Johnson: Moderna:Pfizer/BioNTech,Centers for Disease Control and Prevention,http://www.xinhuanet.com/english/asiapacific/2021-03/16/c_139814668.htm,1
United States,USA,12/22/2020,614117,614117,,57909,127432,,,,381,Johnson&Johnson: Moderna:Pfizer/BioNTech,Centers for Disease Control and Prevention,http://www.xinhuanet.com/english/asiapacific/2021-03/16/c_139814668.htm,2
United States,USA,12/23/2020,1008025,1008025,,57909,150606,0.3,0.3,,450,Johnson&Johnson: Moderna:Pfizer/BioNTech,Centers for Disease Control and Prevention,http://www.xinhuanet.com/english/asiapacific/2021-03/16/c_139814668.htm,3
United States,USA,12/24/2020,1008025,1008025,,57909,191001,,,,571,Johnson&Johnson: Moderna:Pfizer/BioNTech,Centers for Disease Control and Prevention,http://www.xinhuanet.com/english/asiapacific/2021-03/16/c_139814668.htm,4
United States,USA,12/25/2020,1008025,1008025,,57909,215238,,,,644,Johnson&Johnson: Moderna:Pfizer/BioNTech,Centers for Disease Control and Prevention,http://www.xinhuanet.com/english/asiapacific/2021-03/16/c_139814668.htm,5
United States,USA,12/26/2020,1944585,1944585,,57909,231396,0.58,0.58,,692,Johnson&Johnson: Moderna:Pfizer/BioNTech,Centers for Disease Control and Prevention,http://www.xinhuanet.com/english/asiapacific/2021-03/16/c_139814668.htm,6
United States,USA,12/27/2020,1944585,1944585,,57909,211379,,,,632,Johnson&Johnson: Moderna:Pfizer/BioNTech,Centers for Disease Control and Prevention,http://www.xinhuanet.com/english/asiapacific/2021-03/16/c_139814668.htm,7
United States,USA,12/28/2020,2127143,2127143,,57909,216147,0.64,0.64,,646,Johnson&Johnson: Moderna:Pfizer/BioNTech,Centers for Disease Control and Prevention,http://www.xinhuanet.com/english/asiapacific/2021-03/16/c_139814668.htm,8
United States,USA,12/29/2020,2127143,2127143,,57909,235685,,,,705,Johnson&Johnson: Moderna:Pfizer/BioNTech,Centers for Disease Control and Prevention,http://www.xinhuanet.com/english/asiapacific/2021-03/16/c_139814668.htm,9
United States,USA,12/30/2020,2794588,2794588,,57909,255223,0.84,0.84,,763,Johnson&Johnson: Moderna:Pfizer/BioNTech,Centers for Disease Control and Prevention,http://www.xinhuanet.com/english/asiapacific/2021-03/16/c_139814668.htm,10
United States,USA,12/31/2020,2794588,2794588,,57909,278776,,,,834,Johnson&Johnson: Moderna:Pfizer/BioNTech,Centers for Disease Control and Prevention,http://www.xinhuanet.com/english/asiapacific/2021-03/16/c_139814668.htm,11
United States,USA,1/1/2021,2794588,2794588,,57909,302329,,,,904,Johnson&Johnson: Moderna:Pfizer/BioNTech,Centers for Disease Control and Prevention,http://www.xinhuanet.com/english/asiapacific/2021-03/16/c_139814668.htm,12
United States,USA,1/2/2021,4225756,4225756,,57909,325882,1.26,1.26,,974,Johnson&Johnson: Moderna:Pfizer/BioNTech,Centers for Disease Control and Prevention,http://www.xinhuanet.com/english/asiapacific/2021-03/16/c_139814668.htm,13
United States,USA,1/3/2021,4225756,4225756,,57909,336949,,,,1007,Johnson&Johnson: Moderna:Pfizer/BioNTech,Centers for Disease Control and Prevention,http://www.xinhuanet.com/english/asiapacific/2021-03/16/c_139814668.htm,14
United States,USA,1/4/2021,4563260,4563260,,57909,348017,1.36,1.36,,1041,Johnson&Johnson: Moderna:Pfizer/BioNTech,Centers for Disease Control and Prevention,http://www.xinhuanet.com/english/asiapacific/2021-03/16/c_139814668.htm,15
United States,USA,1/5/2021,4836469,4836469,,273209,339372,1.45,1.45,,1015,Johnson&Johnson: Moderna:Pfizer/BioNTech,Centers for Disease Control and Prevention,http://www.xinhuanet.com/english/asiapacific/2021-03/16/c_139814668.htm,16
United States,USA,1/6/2021,5306797,5306797,,470328,358887,1.59,1.59,,1073,Johnson&Johnson: Moderna:Pfizer/BioNTech,Centers for Disease Control and Prevention,http://www.xinhuanet.com/english/asiapacific/2021-03/16/c_139814668.htm,17
United States,USA,1/7/2021,5919418,5919418,,612621,378253,1.77,1.77,,1131,Johnson&Johnson: Moderna:Pfizer/BioNTech,Centers for Disease Control and Prevention,http://www.xinhuanet.com/english/asiapacific/2021-03/16/c_139814668.htm,18
United States,USA,1/8/2021,6688231,6688231,,768813,419933,2,2,,1256,Johnson&Johnson: Moderna:Pfizer/BioNTech,Centers for Disease Control and Prevention,http://www.xinhuanet.com/english/asiapacific/2021-03/16/c_139814668.htm,19
United States,USA,1/9/2021,6688231,6688231,,768813,461263,,,,1379,Johnson&Johnson: Moderna:Pfizer/BioNTech,Centers for Disease Control and Prevention,http://www.xinhuanet.com/english/asiapacific/2021-03/16/c_139814668.htm,20
United States,USA,1/10/2021,6688231,6688231,,768813,546636,,,,1634,Johnson&Johnson: Moderna:Pfizer/BioNTech,Centers for Disease Control and Prevention,http://www.xinhuanet.com/english/asiapacific/2021-03/16/c_139814668.htm,21
United States,USA,1/11/2021,8987322,8987322,,768813,632009,2.69,2.69,,1890,Johnson&Johnson: Moderna:Pfizer/BioNTech,Centers for Disease Control and Prevention,http://www.xinhuanet.com/english/asiapacific/2021-03/16/c_139814668.htm,22
United States,USA,1/12/2021,9327138,9327138,,339816,641524,2.79,2.79,,1918,Johnson&Johnson: Moderna:Pfizer/BioNTech,Centers for Disease Control and Prevention,https://coronavirus.al/lajme/covid19-ministria-e-shendetesise-1827-te-vaksinuar-3070-testime-550-te-sheruar-425-raste-te-reja-dhe-12-humbje-jete-ne-24-oret-e-fundit/,23
United States,USA,1/13/2021,10278462,9327138,,951324,710238,3.07,,,2124,Johnson&Johnson: Moderna:Pfizer/BioNTech,Centers for Disease Control and Prevention,https://coronavirus.al/lajme/covid19-ministria-e-shendetesise-1827-te-vaksinuar-3070-testime-550-te-sheruar-425-raste-te-reja-dhe-12-humbje-jete-ne-24-oret-e-fundit/,24
United States,USA,1/14/2021,11148991,9690757,1342086,870529,747082,3.33,2.9,0.4,2234,Johnson&Johnson: Moderna:Pfizer/BioNTech,Centers for Disease Control and Prevention,https://coronavirus.al/lajme/covid19-ministria-e-shendetesise-1827-te-vaksinuar-3070-testime-550-te-sheruar-425-raste-te-reja-dhe-12-humbje-jete-ne-24-oret-e-fundit/,25
United States,USA,1/15/2021,12279180,10595866,1610524,1130189,798707,3.67,3.17,0.48,2388,Johnson&Johnson: Moderna:Pfizer/BioNTech,Centers for Disease Control and Prevention,https://coronavirus.al/lajme/covid19-ministria-e-shendetesise-1827-te-vaksinuar-3070-testime-550-te-sheruar-425-raste-te-reja-dhe-12-humbje-jete-ne-24-oret-e-fundit/,26
United States,USA,1/16/2021,12279180,10595866,1610524,1130189,811670,,,,2427,Johnson&Johnson: Moderna:Pfizer/BioNTech,Centers for Disease Control and Prevention,https://coronavirus.al/lajme/covid19-ministria-e-shendetesise-1827-te-vaksinuar-3070-testime-550-te-sheruar-425-raste-te-reja-dhe-12-humbje-jete-ne-24-oret-e-fundit/,27
United States,USA,1/17/2021,12279180,10595866,1610524,1130189,824632,,,,2466,Johnson&Johnson: Moderna:Pfizer/BioNTech,Centers for Disease Control and Prevention,https://coronavirus.al/lajme/covid19-ministria-e-shendetesise-1827-te-vaksinuar-3070-testime-550-te-sheruar-425-raste-te-reja-dhe-12-humbje-jete-ne-24-oret-e-fundit/,28
United States,USA,1/18/2021,12279180,10595866,1610524,1130189,837595,,,,2504,Johnson&Johnson: Moderna:Pfizer/BioNTech,Centers for Disease Control and Prevention,https://coronavirus.al/lajme/covid19-ministria-e-shendetesise-1827-te-vaksinuar-3070-testime-550-te-sheruar-425-raste-te-reja-dhe-12-humbje-jete-ne-24-oret-e-fundit/,29
United States,USA,1/19/2021,15707588,13595803,2023124,1130189,911493,4.7,4.07,0.6,2725,Johnson&Johnson: Moderna:Pfizer/BioNTech,Centers for Disease Control and Prevention,https://coronavirus.al/lajme/covid19-ministria-e-shendetesise-1827-te-vaksinuar-3070-testime-550-te-sheruar-425-raste-te-reja-dhe-12-humbje-jete-ne-24-oret-e-fundit/,30
United States,USA,1/20/2021,16525281,14270441,2161419,817693,892403,4.94,4.27,0.65,2668,Johnson&Johnson: Moderna:Pfizer/BioNTech,Centers for Disease Control and Prevention,https://coronavirus.al/lajme/covid19-ministria-e-shendetesise-1827-te-vaksinuar-3070-testime-550-te-sheruar-425-raste-te-reja-dhe-12-humbje-jete-ne-24-oret-e-fundit/,31
United States,USA,1/21/2021,17546374,15053257,2394961,1021093,913912,5.25,4.5,0.72,2733,Johnson&Johnson: Moderna:Pfizer/BioNTech,Centers for Disease Control and Prevention,https://coronavirus.al/lajme/covid19-ministria-e-shendetesise-1827-te-vaksinuar-3070-testime-550-te-sheruar-425-raste-te-reja-dhe-12-humbje-jete-ne-24-oret-e-fundit/,32
United States,USA,1/22/2021,19107959,16243093,2756953,1561585,975540,5.71,4.86,0.82,2917,Johnson&Johnson: Moderna:Pfizer/BioNTech,Centers for Disease Control and Prevention,https://coronavirus.al/lajme/covid19-ministria-e-shendetesise-1827-te-vaksinuar-3070-testime-550-te-sheruar-425-raste-te-reja-dhe-12-humbje-jete-ne-24-oret-e-fundit/,33
United States,USA,1/23/2021,20537990,17390345,3027865,1430031,1057387,6.14,5.2,0.91,3162,Johnson&Johnson: Moderna:Pfizer/BioNTech,Centers for Disease Control and Prevention,https://coronavirus.al/lajme/covid19-ministria-e-shendetesise-1827-te-vaksinuar-3070-testime-550-te-sheruar-425-raste-te-reja-dhe-12-humbje-jete-ne-24-oret-e-fundit/,34
United States,USA,1/24/2021,21848655,18502131,3216836,1310665,1122182,6.53,5.53,0.96,3355,Johnson&Johnson: Moderna:Pfizer/BioNTech,Centers for Disease Control and Prevention,https://coronavirus.al/lajme/covid19-ministria-e-shendetesise-1827-te-vaksinuar-3070-testime-550-te-sheruar-425-raste-te-reja-dhe-12-humbje-jete-ne-24-oret-e-fundit/,35
United States,USA,1/25/2021,22734243,19252279,3346390,885588,1126251,6.8,5.76,1,3368,Johnson&Johnson: Moderna:Pfizer/BioNTech,Centers for Disease Control and Prevention,https://coronavirus.al/lajme/covid19-ministria-e-shendetesise-1827-te-vaksinuar-3070-testime-550-te-sheruar-425-raste-te-reja-dhe-12-humbje-jete-ne-24-oret-e-fundit/,36
United States,USA,1/26/2021,23540994,19902237,3481921,806751,1119058,7.04,5.95,1.04,3346,Johnson&Johnson: Moderna:Pfizer/BioNTech,Centers for Disease Control and Prevention,https://coronavirus.al/lajme/covid19-ministria-e-shendetesise-1827-te-vaksinuar-3070-testime-550-te-sheruar-425-raste-te-reja-dhe-12-humbje-jete-ne-24-oret-e-fundit/,37
United States,USA,1/27/2021,24652634,20687970,3801053,1111640,1161050,7.37,6.19,1.14,3472,Johnson&Johnson: Moderna:Pfizer/BioNTech,Centers for Disease Control and Prevention,https://coronavirus.al/lajme/covid19-ministria-e-shendetesise-1827-te-vaksinuar-3070-testime-550-te-sheruar-425-raste-te-reja-dhe-12-humbje-jete-ne-24-oret-e-fundit/,38
United States,USA,1/28/2021,26193682,21698606,4263056,1541048,1235330,7.83,6.49,1.27,3694,Johnson&Johnson: Moderna:Pfizer/BioNTech,Centers for Disease Control and Prevention,https://coronavirus.al/lajme/covid19-ministria-e-shendetesise-1827-te-vaksinuar-3070-testime-550-te-sheruar-425-raste-te-reja-dhe-12-humbje-jete-ne-24-oret-e-fundit/,39
United States,USA,1/29/2021,27884661,22858318,4780888,1690979,1253815,8.34,6.83,1.43,3749,Johnson&Johnson: Moderna:Pfizer/BioNTech,Centers for Disease Control and Prevention,https://coronavirus.al/lajme/covid19-ministria-e-shendetesise-1827-te-vaksinuar-3070-testime-550-te-sheruar-425-raste-te-reja-dhe-12-humbje-jete-ne-24-oret-e-fundit/,40
United States,USA,1/30/2021,29577902,24064165,5259693,1693241,1291416,8.84,7.2,1.57,3861,Johnson&Johnson: Moderna:Pfizer/BioNTech,Centers for Disease Control and Prevention,https://coronavirus.al/lajme/covid19-ministria-e-shendetesise-1827-te-vaksinuar-3070-testime-550-te-sheruar-425-raste-te-reja-dhe-12-humbje-jete-ne-24-oret-e-fundit/,41
United States,USA,1/31/2021,31123299,25201143,5657142,1545397,1324949,9.31,7.54,1.69,3962,Johnson&Johnson: Moderna:Pfizer/BioNTech,Centers for Disease Control and Prevention,https://coronavirus.al/lajme/covid19-ministria-e-shendetesise-1827-te-vaksinuar-3070-testime-550-te-sheruar-425-raste-te-reja-dhe-12-humbje-jete-ne-24-oret-e-fundit/,42
United States,USA,2/1/2021,32222402,26023153,5927847,1099103,1355451,9.63,7.78,1.77,4053,Johnson&Johnson: Moderna:Pfizer/BioNTech,Centers for Disease Control and Prevention,https://coronavirus.al/lajme/covid19-ministria-e-shendetesise-1827-te-vaksinuar-3070-testime-550-te-sheruar-425-raste-te-reja-dhe-12-humbje-jete-ne-24-oret-e-fundit/,43
United States,USA,2/2/2021,32780860,26440836,6064792,558458,1319981,9.8,7.91,1.81,3947,Johnson&Johnson: Moderna:Pfizer/BioNTech,Centers for Disease Control and Prevention,https://coronavirus.al/lajme/covid19-ministria-e-shendetesise-1827-te-vaksinuar-3070-testime-550-te-sheruar-425-raste-te-reja-dhe-12-humbje-jete-ne-24-oret-e-fundit/,44
United States,USA,2/3/2021,33878254,27154956,6436931,1097394,1317946,10.13,8.12,1.92,3941,Johnson&Johnson: Moderna:Pfizer/BioNTech,Centers for Disease Control and Prevention,https://coronavirus.al/lajme/covid19-ministria-e-shendetesise-1827-te-vaksinuar-3070-testime-550-te-sheruar-425-raste-te-reja-dhe-12-humbje-jete-ne-24-oret-e-fundit/,45
United States,USA,2/4/2021,35203710,27905197,6926050,1325456,1287147,10.53,8.34,2.07,3849,Johnson&Johnson: Moderna:Pfizer/BioNTech,Centers for Disease Control and Prevention,https://coronavirus.al/lajme/covid19-ministria-e-shendetesise-1827-te-vaksinuar-3070-testime-550-te-sheruar-425-raste-te-reja-dhe-12-humbje-jete-ne-24-oret-e-fundit/,46
United States,USA,2/5/2021,36819212,28909497,7503864,1615502,1276364,11.01,8.64,2.24,3816,Johnson&Johnson: Moderna:Pfizer/BioNTech,Centers for Disease Control and Prevention,https://coronavirus.al/lajme/covid19-ministria-e-shendetesise-1827-te-vaksinuar-3070-testime-550-te-sheruar-425-raste-te-reja-dhe-12-humbje-jete-ne-24-oret-e-fundit/,47
United States,USA,2/6/2021,39037964,30250964,8317180,2218752,1351437,11.67,9.05,2.49,4041,Johnson&Johnson: Moderna:Pfizer/BioNTech,Centers for Disease Control and Prevention,https://coronavirus.al/lajme/covid19-ministria-e-shendetesise-1827-te-vaksinuar-3070-testime-550-te-sheruar-425-raste-te-reja-dhe-12-humbje-jete-ne-24-oret-e-fundit/,48
United States,USA,2/7/2021,41210937,31579100,9147185,2172973,1441091,12.32,9.44,2.74,4309,Johnson&Johnson: Moderna:Pfizer/BioNTech,Centers for Disease Control and Prevention,https://coronavirus.al/lajme/covid19-ministria-e-shendetesise-1827-te-vaksinuar-3070-testime-550-te-sheruar-425-raste-te-reja-dhe-12-humbje-jete-ne-24-oret-e-fundit/,49
United States,USA,2/8/2021,42417617,32340146,9518015,1206680,1456459,12.68,9.67,2.85,4355,Johnson&Johnson: Moderna:Pfizer/BioNTech,Centers for Disease Control and Prevention,https://coronavirus.al/lajme/covid19-ministria-e-shendetesise-1827-te-vaksinuar-3070-testime-550-te-sheruar-425-raste-te-reja-dhe-12-humbje-jete-ne-24-oret-e-fundit/,50
United States,USA,2/9/2021,43206190,32867213,9840429,788573,1489333,12.92,9.83,2.94,4453,Johnson&Johnson: Moderna:Pfizer/BioNTech,Centers for Disease Control and Prevention,https://coronavirus.al/lajme/covid19-ministria-e-shendetesise-1827-te-vaksinuar-3070-testime-550-te-sheruar-425-raste-te-reja-dhe-12-humbje-jete-ne-24-oret-e-fundit/,51
United States,USA,2/10/2021,44769970,33783384,10469514,1563780,1555959,13.39,10.1,3.13,4652,Johnson&Johnson: Moderna:Pfizer/BioNTech,Centers for Disease Control and Prevention,https://coronavirus.al/lajme/covid19-ministria-e-shendetesise-1827-te-vaksinuar-3070-testime-550-te-sheruar-425-raste-te-reja-dhe-12-humbje-jete-ne-24-oret-e-fundit/,52
United States,USA,2/11/2021,46390270,34723964,11188782,1620300,1598080,13.87,10.38,3.35,4778,Johnson&Johnson: Moderna:Pfizer/BioNTech,Centers for Disease Control and Prevention,https://coronavirus.al/lajme/covid19-ministria-e-shendetesise-1827-te-vaksinuar-3070-testime-550-te-sheruar-425-raste-te-reja-dhe-12-humbje-jete-ne-24-oret-e-fundit/,53
United States,USA,2/12/2021,48410558,35834855,12085830,2020288,1655907,14.48,10.71,3.61,4951,Johnson&Johnson: Moderna:Pfizer/BioNTech,Centers for Disease Control and Prevention,https://coronavirus.al/lajme/covid19-ministria-e-shendetesise-1827-te-vaksinuar-3070-testime-550-te-sheruar-425-raste-te-reja-dhe-12-humbje-jete-ne-24-oret-e-fundit/,54
United States,USA,2/13/2021,50641884,37056122,13082172,2231326,1657703,15.14,11.08,3.91,4957,Johnson&Johnson: Moderna:Pfizer/BioNTech,Centers for Disease Control and Prevention,https://coronavirus.al/lajme/covid19-ministria-e-shendetesise-1827-te-vaksinuar-3070-testime-550-te-sheruar-425-raste-te-reja-dhe-12-humbje-jete-ne-24-oret-e-fundit/,55
United States,USA,2/14/2021,52884356,38292270,14077440,2242472,1667631,15.81,11.45,4.21,4986,Johnson&Johnson: Moderna:Pfizer/BioNTech,Centers for Disease Control and Prevention,https://coronavirus.al/lajme/covid19-ministria-e-shendetesise-1827-te-vaksinuar-3070-testime-550-te-sheruar-425-raste-te-reja-dhe-12-humbje-jete-ne-24-oret-e-fundit/,56
United States,USA,2/15/2021,52884356,38292270,14077440,2242472,1662106,,,,4970,Johnson&Johnson: Moderna:Pfizer/BioNTech,Centers for Disease Control and Prevention,https://coronavirus.al/lajme/covid19-ministria-e-shendetesise-1827-te-vaksinuar-3070-testime-550-te-sheruar-425-raste-te-reja-dhe-12-humbje-jete-ne-24-oret-e-fundit/,57
United States,USA,2/16/2021,55220364,39670551,15015434,2242472,1716311,16.51,11.86,4.49,5132,Johnson&Johnson: Moderna:Pfizer/BioNTech,Centers for Disease Control and Prevention,https://coronavirus.al/lajme/covid19-ministria-e-shendetesise-1827-te-vaksinuar-3070-testime-550-te-sheruar-425-raste-te-reja-dhe-12-humbje-jete-ne-24-oret-e-fundit/,58
United States,USA,2/17/2021,56281827,40268009,15471536,1061463,1644551,16.83,12.04,4.63,4917,Johnson&Johnson: Moderna:Pfizer/BioNTech,Centers for Disease Control and Prevention,https://coronavirus.al/lajme/covid19-ministria-e-shendetesise-1827-te-vaksinuar-3070-testime-550-te-sheruar-425-raste-te-reja-dhe-12-humbje-jete-ne-24-oret-e-fundit/,59
United States,USA,2/18/2021,57737767,41021049,16162358,1455940,1621071,17.26,12.27,4.83,4847,Johnson&Johnson: Moderna:Pfizer/BioNTech,Centers for Disease Control and Prevention,https://coronavirus.al/lajme/covid19-ministria-e-shendetesise-1827-te-vaksinuar-3070-testime-550-te-sheruar-425-raste-te-reja-dhe-12-humbje-jete-ne-24-oret-e-fundit/,60
United States,USA,2/19/2021,59585043,41977401,17039118,1847276,1596355,17.82,12.55,5.09,4773,Johnson&Johnson: Moderna:Pfizer/BioNTech,Centers for Disease Control and Prevention,https://coronavirus.al/lajme/covid19-ministria-e-shendetesise-1827-te-vaksinuar-3070-testime-550-te-sheruar-425-raste-te-reja-dhe-12-humbje-jete-ne-24-oret-e-fundit/,61
United States,USA,2/20/2021,61289500,42809595,17895667,1704457,1521088,18.33,12.8,5.35,4548,Johnson&Johnson: Moderna:Pfizer/BioNTech,Centers for Disease Control and Prevention,https://coronavirus.al/lajme/covid19-ministria-e-shendetesise-1827-te-vaksinuar-3070-testime-550-te-sheruar-425-raste-te-reja-dhe-12-humbje-jete-ne-24-oret-e-fundit/,62
United States,USA,2/21/2021,63090634,43628092,18865319,1801134,1458040,18.86,13.05,5.64,4360,Johnson&Johnson: Moderna:Pfizer/BioNTech,Centers for Disease Control and Prevention,https://coronavirus.al/lajme/covid19-ministria-e-shendetesise-1827-te-vaksinuar-3070-testime-550-te-sheruar-425-raste-te-reja-dhe-12-humbje-jete-ne-24-oret-e-fundit/,63
United States,USA,2/22/2021,64177474,44138118,19438495,1086840,1446445,19.19,13.2,5.81,4325,Johnson&Johnson: Moderna:Pfizer/BioNTech,Centers for Disease Control and Prevention,https://coronavirus.al/lajme/covid19-ministria-e-shendetesise-1827-te-vaksinuar-3070-testime-550-te-sheruar-425-raste-te-reja-dhe-12-humbje-jete-ne-24-oret-e-fundit/,64
United States,USA,2/23/2021,65032083,44544969,19882544,854609,1401674,19.44,13.32,5.94,4191,Johnson&Johnson: Moderna:Pfizer/BioNTech,Centers for Disease Control and Prevention,https://coronavirus.al/lajme/covid19-ministria-e-shendetesise-1827-te-vaksinuar-3070-testime-550-te-sheruar-425-raste-te-reja-dhe-12-humbje-jete-ne-24-oret-e-fundit/,65
United States,USA,2/24/2021,66464947,45237143,20607261,1432864,1454731,19.87,13.53,6.16,4350,Johnson&Johnson: Moderna:Pfizer/BioNTech,Centers for Disease Control and Prevention,https://coronavirus.al/lajme/covid19-ministria-e-shendetesise-1827-te-vaksinuar-3070-testime-550-te-sheruar-425-raste-te-reja-dhe-12-humbje-jete-ne-24-oret-e-fundit/,66
United States,USA,2/25/2021,68274117,46074392,21555117,1809170,1505193,20.41,13.78,6.45,4501,Johnson&Johnson: Moderna:Pfizer/BioNTech,Centers for Disease Control and Prevention,https://coronavirus.al/lajme/covid19-ministria-e-shendetesise-1827-te-vaksinuar-3070-testime-550-te-sheruar-425-raste-te-reja-dhe-12-humbje-jete-ne-24-oret-e-fundit/,67
United States,USA,2/26/2021,70454064,47184199,22613359,2179947,1552717,21.07,14.11,6.76,4643,Johnson&Johnson: Moderna:Pfizer/BioNTech,Centers for Disease Control and Prevention,https://coronavirus.al/lajme/covid19-ministria-e-shendetesise-1827-te-vaksinuar-3070-testime-550-te-sheruar-425-raste-te-reja-dhe-12-humbje-jete-ne-24-oret-e-fundit/,68
United States,USA,2/27/2021,72806180,48435536,23698627,2352116,1645240,21.77,14.48,7.09,4919,Johnson&Johnson: Moderna:Pfizer/BioNTech,Centers for Disease Control and Prevention,https://coronavirus.al/lajme/covid19-ministria-e-shendetesise-1827-te-vaksinuar-3070-testime-550-te-sheruar-425-raste-te-reja-dhe-12-humbje-jete-ne-24-oret-e-fundit/,69
United States,USA,2/28/2021,75236003,49772180,24779920,2429823,1735053,22.5,14.88,7.41,5188,Johnson&Johnson: Moderna:Pfizer/BioNTech,Centers for Disease Control and Prevention,https://coronavirus.al/lajme/covid19-ministria-e-shendetesise-1827-te-vaksinuar-3070-testime-550-te-sheruar-425-raste-te-reja-dhe-12-humbje-jete-ne-24-oret-e-fundit/,70
United States,USA,3/1/2021,76899987,50732997,25466405,1663984,1817502,22.99,15.17,7.61,5434,Johnson&Johnson: Moderna:Pfizer/BioNTech,Centers for Disease Control and Prevention,https://coronavirus.al/lajme/covid19-ministria-e-shendetesise-1827-te-vaksinuar-3070-testime-550-te-sheruar-425-raste-te-reja-dhe-12-humbje-jete-ne-24-oret-e-fundit/,71
United States,USA,3/2/2021,78631601,51755447,26162122,1731614,1942788,23.51,15.48,7.82,5809,Johnson&Johnson: Moderna:Pfizer/BioNTech,Centers for Disease Control and Prevention,https://coronavirus.al/lajme/covid19-ministria-e-shendetesise-1827-te-vaksinuar-3070-testime-550-te-sheruar-425-raste-te-reja-dhe-12-humbje-jete-ne-24-oret-e-fundit/,72
United States,USA,3/3/2021,80540474,52855579,26957804,1908873,2010790,24.08,15.8,8.06,6012,Johnson&Johnson: Moderna:Pfizer/BioNTech,Centers for Disease Control and Prevention,https://coronavirus.al/lajme/covid19-ministria-e-shendetesise-1827-te-vaksinuar-3070-testime-550-te-sheruar-425-raste-te-reja-dhe-12-humbje-jete-ne-24-oret-e-fundit/,73
United States,USA,3/4/2021,82572848,54035670,27795980,2032374,2042676,24.69,16.16,8.31,6108,Johnson&Johnson: Moderna:Pfizer/BioNTech,Centers for Disease Control and Prevention,https://coronavirus.al/lajme/covid19-ministria-e-shendetesise-1827-te-vaksinuar-3070-testime-550-te-sheruar-425-raste-te-reja-dhe-12-humbje-jete-ne-24-oret-e-fundit/,74
United States,USA,3/5/2021,85008094,55547697,28701201,2435246,2079147,25.42,16.61,8.58,6217,Johnson&Johnson: Moderna:Pfizer/BioNTech,Centers for Disease Control and Prevention,https://coronavirus.al/lajme/covid19-ministria-e-shendetesise-1827-te-vaksinuar-3070-testime-550-te-sheruar-425-raste-te-reja-dhe-12-humbje-jete-ne-24-oret-e-fundit/,75
United States,USA,3/6/2021,87912323,57358849,29776160,2904229,2158020,26.29,17.15,8.9,6453,Johnson&Johnson: Moderna:Pfizer/BioNTech,Centers for Disease Control and Prevention,https://coronavirus.al/lajme/covid19-ministria-e-shendetesise-1827-te-vaksinuar-3070-testime-550-te-sheruar-425-raste-te-reja-dhe-12-humbje-jete-ne-24-oret-e-fundit/,76
United States,USA,3/7/2021,90351750,58873710,30686881,2439427,2159392,27.02,17.6,9.18,6457,Johnson&Johnson: Moderna:Pfizer/BioNTech,Centers for Disease Control and Prevention,https://coronavirus.al/lajme/covid19-ministria-e-shendetesise-1827-te-vaksinuar-3070-testime-550-te-sheruar-425-raste-te-reja-dhe-12-humbje-jete-ne-24-oret-e-fundit/,77
United States,USA,3/8/2021,92089852,60005231,31493040,1738102,2169981,27.54,17.94,9.42,6488,Johnson&Johnson: Moderna:Pfizer/BioNTech,Centers for Disease Control and Prevention,https://coronavirus.al/lajme/covid19-ministria-e-shendetesise-1827-te-vaksinuar-3070-testime-550-te-sheruar-425-raste-te-reja-dhe-12-humbje-jete-ne-24-oret-e-fundit/,78
United States,USA,3/9/2021,93692598,61088527,32102061,1602746,2151571,28.01,18.27,9.6,6433,Johnson&Johnson: Moderna:Pfizer/BioNTech,Centers for Disease Control and Prevention,https://coronavirus.al/lajme/covid19-ministria-e-shendetesise-1827-te-vaksinuar-3070-testime-550-te-sheruar-425-raste-te-reja-dhe-12-humbje-jete-ne-24-oret-e-fundit/,79
United States,USA,3/10/2021,95721290,62451150,32904161,2028692,2168688,28.62,18.67,9.84,6485,Johnson&Johnson: Moderna:Pfizer/BioNTech,Centers for Disease Control and Prevention,https://coronavirus.al/lajme/covid19-ministria-e-shendetesise-1827-te-vaksinuar-3070-testime-550-te-sheruar-425-raste-te-reja-dhe-12-humbje-jete-ne-24-oret-e-fundit/,80
United States,USA,3/11/2021,98203893,64071674,33863127,2482603,2233006,29.36,19.16,10.13,6677,Johnson&Johnson: Moderna:Pfizer/BioNTech,Centers for Disease Control and Prevention,https://coronavirus.al/lajme/covid19-ministria-e-shendetesise-1827-te-vaksinuar-3070-testime-550-te-sheruar-425-raste-te-reja-dhe-12-humbje-jete-ne-24-oret-e-fundit/,81
United States,USA,3/12/2021,101128005,65965305,35000159,2924112,2302844,30.24,19.72,10.47,6886,Johnson&Johnson: Moderna:Pfizer/BioNTech,Centers for Disease Control and Prevention,https://coronavirus.al/lajme/covid19-ministria-e-shendetesise-1827-te-vaksinuar-3070-testime-550-te-sheruar-425-raste-te-reja-dhe-12-humbje-jete-ne-24-oret-e-fundit/,82
United States,USA,3/13/2021,105703501,68884011,36929777,4575496,2541597,31.61,20.6,11.04,7600,Johnson&Johnson: Moderna:Pfizer/BioNTech,Centers for Disease Control and Prevention,https://coronavirus.al/lajme/covid19-ministria-e-shendetesise-1827-te-vaksinuar-3070-testime-550-te-sheruar-425-raste-te-reja-dhe-12-humbje-jete-ne-24-oret-e-fundit/,83
United States,USA,3/14/2021,107060274,69784210,37459269,1356773,2386932,32.01,20.87,11.2,7137,Johnson&Johnson: Moderna:Pfizer/BioNTech,Centers for Disease Control and Prevention,https://coronavirus.al/lajme/covid19-ministria-e-shendetesise-1827-te-vaksinuar-3070-testime-550-te-sheruar-425-raste-te-reja-dhe-12-humbje-jete-ne-24-oret-e-fundit/,84
United States,USA,3/15/2021,109081860,71054445,38335432,2021586,2427430,32.62,21.25,11.46,7258,Johnson&Johnson: Moderna:Pfizer/BioNTech,Centers for Disease Control and Prevention,https://coronavirus.al/lajme/covid19-ministria-e-shendetesise-1827-te-vaksinuar-3070-testime-550-te-sheruar-425-raste-te-reja-dhe-12-humbje-jete-ne-24-oret-e-fundit/,85
United States,USA,3/16/2021,110737856,72135616,39042345,1655996,2435037,33.11,21.57,11.67,7281,Johnson&Johnson: Moderna:Pfizer/BioNTech,Centers for Disease Control and Prevention,https://coronavirus.al/lajme/covid19-ministria-e-shendetesise-1827-te-vaksinuar-3070-testime-550-te-sheruar-425-raste-te-reja-dhe-12-humbje-jete-ne-24-oret-e-fundit/,86
United States,USA,3/17/2021,113037627,73669956,39989196,2299771,2473762,33.8,22.03,11.96,7397,Johnson&Johnson: Moderna:Pfizer/BioNTech,Centers for Disease Control and Prevention,https://coronavirus.al/lajme/covid19-ministria-e-shendetesise-1827-te-vaksinuar-3070-testime-550-te-sheruar-425-raste-te-reja-dhe-12-humbje-jete-ne-24-oret-e-fundit/,87
United States,USA,3/18/2021,115730008,75495716,40981464,2692381,2503731,34.6,22.57,12.25,7486,Johnson&Johnson: Moderna:Pfizer/BioNTech,Centers for Disease Control and Prevention,https://coronavirus.al/lajme/covid19-ministria-e-shendetesise-1827-te-vaksinuar-3070-testime-550-te-sheruar-425-raste-te-reja-dhe-12-humbje-jete-ne-24-oret-e-fundit/,88
United States,USA,3/19/2021,118313818,77230061,41934629,2583810,2455116,35.38,23.09,12.54,7341,Johnson&Johnson: Moderna:Pfizer/BioNTech,Centers for Disease Control and Prevention,https://coronavirus.al/lajme/covid19-ministria-e-shendetesise-1827-te-vaksinuar-3070-testime-550-te-sheruar-425-raste-te-reja-dhe-12-humbje-jete-ne-24-oret-e-fundit/,89
United States,USA,3/20/2021,121441497,79367225,43036818,3127679,2248285,36.31,23.73,12.87,6723,Johnson&Johnson: Moderna:Pfizer/BioNTech,Centers for Disease Control and Prevention,https://coronavirus.al/lajme/covid19-ministria-e-shendetesise-1827-te-vaksinuar-3070-testime-550-te-sheruar-425-raste-te-reja-dhe-12-humbje-jete-ne-24-oret-e-fundit/,90
United States,USA,3/21/2021,124481412,81415769,44141228,3039915,2488734,37.22,24.34,13.2,7441,Johnson&Johnson: Moderna:Pfizer/BioNTech,Centers for Disease Control and Prevention,https://coronavirus.al/lajme/covid19-ministria-e-shendetesise-1827-te-vaksinuar-3070-testime-550-te-sheruar-425-raste-te-reja-dhe-12-humbje-jete-ne-24-oret-e-fundit/,91
United States,USA,3/22/2021,126509736,82772416,44910946,2028324,2489697,37.83,24.75,13.43,7444,Johnson&Johnson: Moderna:Pfizer/BioNTech,Centers for Disease Control and Prevention,https://coronavirus.al/lajme/covid19-ministria-e-shendetesise-1827-te-vaksinuar-3070-testime-550-te-sheruar-425-raste-te-reja-dhe-12-humbje-jete-ne-24-oret-e-fundit/,92
United States,USA,3/23/2021,128217029,83930495,45533962,1707293,2497025,38.34,25.1,13.61,7466,Johnson&Johnson: Moderna:Pfizer/BioNTech,Centers for Disease Control and Prevention,https://coronavirus.al/lajme/covid19-ministria-e-shendetesise-1827-te-vaksinuar-3070-testime-550-te-sheruar-425-raste-te-reja-dhe-12-humbje-jete-ne-24-oret-e-fundit/,93
United States,USA,3/24/2021,130473853,85472166,46365515,2256824,2490889,39.01,25.56,13.86,7448,Johnson&Johnson: Moderna:Pfizer/BioNTech,Centers for Disease Control and Prevention,https://coronavirus.al/lajme/covid19-ministria-e-shendetesise-1827-te-vaksinuar-3070-testime-550-te-sheruar-425-raste-te-reja-dhe-12-humbje-jete-ne-24-oret-e-fundit/,94
United States,USA,3/25/2021,133305295,87343622,47419832,2831442,2510755,39.86,26.12,14.18,7507,Johnson&Johnson: Moderna:Pfizer/BioNTech,Centers for Disease Control and Prevention,https://coronavirus.al/lajme/covid19-ministria-e-shendetesise-1827-te-vaksinuar-3070-testime-550-te-sheruar-425-raste-te-reja-dhe-12-humbje-jete-ne-24-oret-e-fundit/,95
United States,USA,3/26/2021,136684688,89559225,48695172,3379393,2624410,40.87,26.78,14.56,7847,Johnson&Johnson: Moderna:Pfizer/BioNTech,Centers for Disease Control and Prevention,https://coronavirus.al/lajme/covid19-ministria-e-shendetesise-1827-te-vaksinuar-3070-testime-550-te-sheruar-425-raste-te-reja-dhe-12-humbje-jete-ne-24-oret-e-fundit/,96
United States,USA,3/27/2021,140180735,91707729,50141769,3496047,2677034,41.91,27.42,14.99,8004,Johnson&Johnson: Moderna:Pfizer/BioNTech,Centers for Disease Control and Prevention,https://coronavirus.al/lajme/covid19-ministria-e-shendetesise-1827-te-vaksinuar-3070-testime-550-te-sheruar-425-raste-te-reja-dhe-12-humbje-jete-ne-24-oret-e-fundit/,97
United States,USA,3/28/2021,143462691,93631163,51593564,3281956,2711611,42.9,28,15.43,8108,Johnson&Johnson: Moderna:Pfizer/BioNTech,Centers for Disease Control and Prevention,https://coronavirus.al/lajme/covid19-ministria-e-shendetesise-1827-te-vaksinuar-3070-testime-550-te-sheruar-425-raste-te-reja-dhe-12-humbje-jete-ne-24-oret-e-fundit/,98
